,FileName,hashID
0,.DS_Store,76af61a0977b10a2bded5a4da9656aba
1,.DS_Store,194577a7e20bdcc7afbb718f502c134c
2,non-text-searchable.jpg,91cf72df823d740992cf13acfd95ea2a
3,Free_Test_Data_1MB_PDF.jpg,ba1d023cf50cac67d7d95f37d5b935bd
4,test.jpg,f1af653eb9fc9d3f1f6dda4767717a04
5,white_holes.jpeg,45eea03b6fbc47402061ad75d13215d7
6,barcode.jpg,68843ad7d96526d2cf72a10c6e0d0b73
7,picture.jpg,c15f4d11cbb473f16eb22b24de281c16
8,ultrasound.jpg,5dc0948a5ffce98c4849602a553384ad
9,.DS_Store,23864d9e21f22d348cfcf3390d052ac4
10,test.jpg,f1af653eb9fc9d3f1f6dda4767717a04
11,picture.jpg,c15f4d11cbb473f16eb22b24de281c16
12,letters 17.34.11.jpg,edb9f8c26fa88d9b94138c82e4f23024
